Sentence #, Word, Tag, Intent
0, is, B-VAR, variable_declaration
0, approved, I-VAR, variable_declaration
0, equals, O, variable_declaration
0, clustering, B-VAL, variable_declaration
0, algorithms, I-VAL, variable_declaration
1, file, B-VAR, variable_declaration
1, path, I-VAR, variable_declaration
1, equals, O, variable_declaration
1, 2023, B-VAL, variable_declaration
2, user, B-VAR, variable_declaration
2, id, I-VAR, variable_declaration
2, equals, O, variable_declaration
2, REGRESSION, B-VAL, variable_declaration
2, MODELS, I-VAL, variable_declaration
3, temp, B-VAR, variable_declaration
3, equals, O, variable_declaration
3, car, B-VAL, variable_declaration
3, bus, B-VAL, variable_declaration
3, train, B-VAL, variable_declaration
3, plane, B-VAL, variable_declaration
3, bicycle, B-VAL, variable_declaration
4, time, B-VAR, variable_declaration
4, elapsed, I-VAR, variable_declaration
4, equals, O, variable_declaration
4, -555555, B-VAL, variable_declaration
5, supplier, B-VAR, variable_declaration
5, name, I-VAR, variable_declaration
5, equals, O, variable_declaration
5, 7.1234, B-VAL, variable_declaration
6, order, B-VAR, variable_declaration
6, number, I-VAR, variable_declaration
6, equals, O, variable_declaration
6, back, B-VAL, variable_declaration
6, end, I-VAL, variable_declaration
6, development, I-VAL, variable_declaration
7, tax, B-VAR, variable_declaration
7, rate, I-VAR, variable_declaration
7, equals, O, variable_declaration
7, 70707, B-VAL, variable_declaration
8, product, B-VAR, variable_declaration
8, description, I-VAR, variable_declaration
8, equals, O, variable_declaration
8, -1.602176634, B-VAL, variable_declaration
9, inventory, B-VAR, variable_declaration
9, level, I-VAR, variable_declaration
9, is, O, variable_declaration
9, 1.0, B-VAL, variable_declaration
10, net, B-VAR, variable_declaration
10, profit, I-VAR, variable_declaration
10, is, O, variable_declaration
10, CLUSTERING, B-VAL, variable_declaration
10, ALGORITHMS, I-VAL, variable_declaration
11, is, B-VAR, variable_declaration
11, deleted, I-VAR, variable_declaration
11, is, O, variable_declaration
11, 1.1, B-VAL, variable_declaration
12, string, B-VAR, variable_declaration
12, buffer, I-VAR, variable_declaration
12, is, O, variable_declaration
12, object, B-VAL, variable_declaration
12, oriented, I-VAL, variable_declaration
12, programming, I-VAL, variable_declaration
13, is, B-VAR, variable_declaration
13, verified, I-VAR, variable_declaration
13, is, O, variable_declaration
13, STATISTICAL, B-VAL, variable_declaration
13, METHODS, I-VAL, variable_declaration
14, user, B-VAR, variable_declaration
14, settings, I-VAR, variable_declaration
14, is, O, variable_declaration
14, equal, O, variable_declaration
14, to, O, variable_declaration
14, UNSUPERVISED, B-VAL, variable_declaration
14, LEARNING, I-VAL, variable_declaration
15, product, B-VAR, variable_declaration
15, description, I-VAR, variable_declaration
15, is, O, variable_declaration
15, equal, O, variable_declaration
15, to, O, variable_declaration
15, -1.61803398875, B-VAL, variable_declaration
16, feature, B-VAR, variable_declaration
16, flags, I-VAR, variable_declaration
16, is, O, variable_declaration
16, equal, O, variable_declaration
16, to, O, variable_declaration
16, 7.7777, B-VAL, variable_declaration
17, budget, B-VAR, variable_declaration
17, allocation, I-VAR, variable_declaration
17, is, O, variable_declaration
17, equal, O, variable_declaration
17, to, O, variable_declaration
17, -0.999999, B-VAL, variable_declaration
18, product, B-VAR, variable_declaration
18, id, I-VAR, variable_declaration
18, is, O, variable_declaration
18, equal, O, variable_declaration
18, to, O, variable_declaration
18, car, B-VAL, variable_declaration
18, bus, B-VAL, variable_declaration
18, train, B-VAL, variable_declaration
18, plane, B-VAL, variable_declaration
18, bicycle, B-VAL, variable_declaration
19, delivery, B-VAR, variable_declaration
19, address, I-VAR, variable_declaration
19, is, O, variable_declaration
19, equal, O, variable_declaration
19, to, O, variable_declaration
19, Front, B-VAL, variable_declaration
19, End, I-VAL, variable_declaration
19, Development, I-VAL, variable_declaration
20, set, O, variable_declaration
20, mentor, B-VAR, variable_declaration
20, id, I-VAR, variable_declaration
20, as, O, variable_declaration
20, int, B-TYPE, variable_declaration
20, and, O, variable_declaration
20, initialize, O, variable_declaration
20, with, O, variable_declaration
20, 444444, B-VAL, variable_declaration
21, declare, O, variable_declaration
21, key, B-VAR, variable_declaration
21, as, O, variable_declaration
21, integer, B-TYPE, variable_declaration
21, and, O, variable_declaration
21, set, O, variable_declaration
21, 909090, B-VAL, variable_declaration
22, make, O, variable_declaration
22, current, B-VAR, variable_declaration
22, date, I-VAR, variable_declaration
22, as, O, variable_declaration
22, boolean, B-TYPE, variable_declaration
22, and, O, variable_declaration
22, initialize, O, variable_declaration
22, it, O, variable_declaration
22, with, O, variable_declaration
22, true, B-VAL, variable_declaration
23, declare, O, variable_declaration
23, expense, B-VAR, variable_declaration
23, report, I-VAR, variable_declaration
23, as, O, variable_declaration
23, dictionary, B-TYPE, variable_declaration
23, and, O, variable_declaration
23, initialize, O, variable_declaration
23, it, O, variable_declaration
23, with, O, variable_declaration
23, key1, O, variable_declaration
23, value1, O, variable_declaration
23, key2, O, variable_declaration
23, value2, O, variable_declaration
23, key3, O, variable_declaration
23, value3, O, variable_declaration
24, create, O, variable_declaration
24, start, B-VAR, variable_declaration
24, time, I-VAR, variable_declaration
24, as, O, variable_declaration
24, bool, B-TYPE, variable_declaration
24, and, O, variable_declaration
24, assign, O, variable_declaration
24, it, O, variable_declaration
24, to, O, variable_declaration
24, false, B-VAL, variable_declaration
25, initialize, O, variable_declaration
25, position, B-VAR, variable_declaration
25, as, O, variable_declaration
25, bool, B-TYPE, variable_declaration
25, and, O, variable_declaration
25, value, O, variable_declaration
25, false, B-VAL, variable_declaration
26, define, O, variable_declaration
26, total, B-VAR, variable_declaration
26, amount, I-VAR, variable_declaration
26, as, O, variable_declaration
26, double, B-TYPE, variable_declaration
26, and, O, variable_declaration
26, initialize, O, variable_declaration
26, it, O, variable_declaration
26, with, O, variable_declaration
26, -1.61803398875, B-VAL, variable_declaration
27, initialize, O, variable_declaration
27, j, B-VAR, variable_declaration
27, as, O, variable_declaration
27, double, B-TYPE, variable_declaration
27, and, O, variable_declaration
27, assign, O, variable_declaration
27, to, O, variable_declaration
27, -0.4567, B-VAL, variable_declaration
28, create, O, variable_declaration
28, country, B-VAR, variable_declaration
28, code, I-VAR, variable_declaration
28, as, O, variable_declaration
28, boolean, B-TYPE, variable_declaration
28, and, O, variable_declaration
28, assign, O, variable_declaration
28, it, O, variable_declaration
28, to, O, variable_declaration
28, true, B-VAL, variable_declaration
29, create, O, variable_declaration
29, primary, B-VAR, variable_declaration
29, contact, I-VAR, variable_declaration
29, as, O, variable_declaration
29, list, B-TYPE, variable_declaration
29, and, O, variable_declaration
29, assign, O, variable_declaration
29, with, O, variable_declaration
29, dog, B-VAL, variable_declaration
29, cat, B-VAL, variable_declaration
29, bird, B-VAL, variable_declaration
29, fish, B-VAL, variable_declaration
29, hamster, B-VAL, variable_declaration
29, to, O, variable_declaration
29, it, O, variable_declaration
30, define, O, variable_declaration
30, iteration, O, variable_declaration
30, as, O, variable_declaration
30, float, O, variable_declaration
30, and, O, variable_declaration
30, assign, O, variable_declaration
30, with, O, variable_declaration
30, -1.1, O, variable_declaration
30, to, O, variable_declaration
30, it, O, variable_declaration
31, initialize, O, variable_declaration
31, customer, B-VAR, variable_declaration
31, map, I-VAR, variable_declaration
31, as, O, variable_declaration
31, dictionary, B-TYPE, variable_declaration
31, and, O, variable_declaration
31, value, O, variable_declaration
31, name, O, variable_declaration
31, Alice, O, variable_declaration
31, age, O, variable_declaration
31, 30, O, variable_declaration
31, city, O, variable_declaration
31, New, O, variable_declaration
31, York, O, variable_declaration
31, to, O, variable_declaration
31, it, O, variable_declaration
32, declare, O, variable_declaration
32, is, B-VAR, variable_declaration
32, visible, I-VAR, variable_declaration
32, as, O, variable_declaration
32, dictionary, B-TYPE, variable_declaration
32, and, O, variable_declaration
32, assign, O, variable_declaration
32, with, O, variable_declaration
32, name, O, variable_declaration
32, John, O, variable_declaration
32, Doe, O, variable_declaration
32, email, O, variable_declaration
32, dhfadgmailcom, O, variable_declaration
32, phone, O, variable_declaration
32, 1234567890, O, variable_declaration
32, to, O, variable_declaration
32, it, O, variable_declaration
33, set, O, variable_declaration
33, end, B-VAR, variable_declaration
33, date, I-VAR, variable_declaration
33, as, O, variable_declaration
33, boolean, B-TYPE, variable_declaration
33, and, O, variable_declaration
33, initialize, O, variable_declaration
33, it, O, variable_declaration
33, to, O, variable_declaration
33, true, B-VAL, variable_declaration
33, to, O, variable_declaration
33, it, O, variable_declaration
34, initialize, O, variable_declaration
34, data, B-VAR, variable_declaration
34, as, O, variable_declaration
34, dictionary, B-TYPE, variable_declaration
34, and, O, variable_declaration
34, set, O, variable_declaration
34, to, O, variable_declaration
34, key1, O, variable_declaration
34, value1, O, variable_declaration
34, key2, O, variable_declaration
34, value2, O, variable_declaration
34, key3, O, variable_declaration
34, value3, O, variable_declaration
34, to, O, variable_declaration
34, it, O, variable_declaration
35, declare, O, variable_declaration
35, secondary, B-VAR, variable_declaration
35, contact, I-VAR, variable_declaration
35, as, O, variable_declaration
35, float, B-TYPE, variable_declaration
35, and, O, variable_declaration
35, assign, O, variable_declaration
35, to, O, variable_declaration
35, -6.62607015, B-VAL, variable_declaration
35, to, O, variable_declaration
35, it, O, variable_declaration
36, make, O, variable_declaration
36, is, B-VAR, variable_declaration
36, approved, I-VAR, variable_declaration
36, as, O, variable_declaration
36, dictionary, B-TYPE, variable_declaration
36, and, O, variable_declaration
36, set, O, variable_declaration
36, key1, O, variable_declaration
36, 1, O, variable_declaration
36, key2, O, variable_declaration
36, 2, O, variable_declaration
36, key3, O, variable_declaration
36, 3, O, variable_declaration
36, to, O, variable_declaration
36, it, O, variable_declaration
37, declare, O, variable_declaration
37, is, B-VAR, variable_declaration
37, visible, I-VAR, variable_declaration
37, as, O, variable_declaration
37, array, B-TYPE, variable_declaration
37, and, O, variable_declaration
37, initialize, O, variable_declaration
37, it, O, variable_declaration
37, to, O, variable_declaration
37, dog, B-VAL, variable_declaration
37, cat, B-VAL, variable_declaration
37, bird, B-VAL, variable_declaration
37, fish, B-VAL, variable_declaration
37, hamster, B-VAL, variable_declaration
37, to, O, variable_declaration
37, it, O, variable_declaration
38, set, O, variable_declaration
38, a, O, variable_declaration
38, new, O, variable_declaration
38, int, B-TYPE, variable_declaration
38, variable, O, variable_declaration
38, titled, O, variable_declaration
38, is, B-VAR, variable_declaration
38, active, I-VAR, variable_declaration
38, and, O, variable_declaration
38, assign, O, variable_declaration
38, it, O, variable_declaration
38, to, O, variable_declaration
38, 232323, B-VAL, variable_declaration
39, define, O, variable_declaration
39, a, O, variable_declaration
39, new, O, variable_declaration
39, integer, B-TYPE, variable_declaration
39, variable, O, variable_declaration
39, identified, B-VAR, variable_declaration
39, product, I-VAR, variable_declaration
39, set, O, variable_declaration
39, and, O, variable_declaration
39, initialize, O, variable_declaration
39, with, O, variable_declaration
39, 70707, B-VAL, variable_declaration
40, set, O, variable_declaration
40, a, O, variable_declaration
40, new, O, variable_declaration
40, array, B-TYPE, variable_declaration
40, variable, O, variable_declaration
40, under, O, variable_declaration
40, the, O, variable_declaration
40, name, I-VAR, variable_declaration
40, region, B-VAR, variable_declaration
40, name, O, variable_declaration
40, and, O, variable_declaration
40, initialize, O, variable_declaration
40, with, O, variable_declaration
40, apple, B-VAL, variable_declaration
40, banana, B-VAL, variable_declaration
40, cherry, B-VAL, variable_declaration
41, make, O, variable_declaration
41, a, O, variable_declaration
41, new, O, variable_declaration
41, string, B-TYPE, variable_declaration
41, variable, O, variable_declaration
41, with, O, variable_declaration
41, name, O, variable_declaration
41, emergency, B-VAR, variable_declaration
41, contact, I-VAR, variable_declaration
41, and, O, variable_declaration
41, initialize, O, variable_declaration
41, SPEECH, B-VAL, variable_declaration
41, RECOGNITION, I-VAL, variable_declaration
42, declare, O, variable_declaration
42, a, O, variable_declaration
42, new, O, variable_declaration
42, dictionary, B-TYPE, variable_declaration
42, variable, O, variable_declaration
42, with, O, variable_declaration
42, name, O, variable_declaration
42, key, B-VAR, variable_declaration
42, and, O, variable_declaration
42, set, O, variable_declaration
42, it, O, variable_declaration
42, with, O, variable_declaration
42, key1, O, variable_declaration
42, 1, O, variable_declaration
42, key2, O, variable_declaration
42, 2, O, variable_declaration
42, key3, O, variable_declaration
42, 3, O, variable_declaration
43, make, O, variable_declaration
43, a, O, variable_declaration
43, new, O, variable_declaration
43, character, B-TYPE, variable_declaration
43, variable, O, variable_declaration
43, identified, O, variable_declaration
43, as, O, variable_declaration
43, step, B-VAR, variable_declaration
43, and, O, variable_declaration
43, initialize, O, variable_declaration
43, v, B-VAL, variable_declaration
43, to, O, variable_declaration
43, it, O, variable_declaration
44, set, O, variable_declaration
44, a, O, variable_declaration
44, new, O, variable_declaration
44, bool, B-TYPE, variable_declaration
44, variable, O, variable_declaration
44, named, O, variable_declaration
44, net, B-VAR, variable_declaration
44, profit, I-VAR, variable_declaration
44, and, O, variable_declaration
44, assign, O, variable_declaration
44, it, O, variable_declaration
44, to, O, variable_declaration
44, false, B-VAL, variable_declaration
44, to, O, variable_declaration
44, it, O, variable_declaration
45, declare, O, variable_declaration
45, a, O, variable_declaration
45, new, O, variable_declaration
45, integer, B-TYPE, variable_declaration
45, variable, O, variable_declaration
45, identified, O, variable_declaration
45, user, B-VAR, variable_declaration
45, login, I-VAR, variable_declaration
45, and, O, variable_declaration
45, assign, O, variable_declaration
45, to, O, variable_declaration
45, 12345, B-VAL, variable_declaration
45, to, O, variable_declaration
45, it, O, variable_declaration
46, set, O, variable_declaration
46, a, O, variable_declaration
46, new, O, variable_declaration
46, list, B-TYPE, variable_declaration
46, variable, O, variable_declaration
46, called, O, variable_declaration
46, as, O, variable_declaration
46, user, B-VAR, variable_declaration
46, id, I-VAR, variable_declaration
46, and, O, variable_declaration
46, assign, O, variable_declaration
46, it, O, variable_declaration
46, to, O, variable_declaration
46, 123, B-VAL, variable_declaration
46, banana, B-VAL, variable_declaration
46, -1.23, B-VAL, variable_declaration
46, True, B-VAL, variable_declaration
46, test, B-VAL, variable_declaration
46, to, O, variable_declaration
46, it, O, variable_declaration
47, define, O, variable_declaration
47, a, O, variable_declaration
47, new, O, variable_declaration
47, bool, B-TYPE, variable_declaration
47, variable, O, variable_declaration
47, named, O, variable_declaration
47, transaction, B-VAR, variable_declaration
47, amount, I-VAR, variable_declaration
47, and, O, variable_declaration
47, initialize, O, variable_declaration
47, it, O, variable_declaration
47, with, O, variable_declaration
47, true, B-VAL, variable_declaration
47, to, O, variable_declaration
47, it, O, variable_declaration
48, make, O, variable_declaration
48, a, O, variable_declaration
48, new, O, variable_declaration
48, variable, O, variable_declaration
48, titled, O, variable_declaration
48, as, O, variable_declaration
48, due, B-VAR, variable_declaration
48, date, I-VAR, variable_declaration
48, and, O, variable_declaration
48, set, O, variable_declaration
48, it, O, variable_declaration
48, with, O, variable_declaration
48, data, B-VAL, variable_declaration
48, visualization, I-VAL, variable_declaration
49, create, O, variable_declaration
49, a, O, variable_declaration
49, new, O, variable_declaration
49, variable, O, variable_declaration
49, under, O, variable_declaration
49, the, O, variable_declaration
49, name, O, variable_declaration
49, completed, B-VAR, variable_declaration
49, and, O, variable_declaration
49, set, O, variable_declaration
49, it, O, variable_declaration
49, with, O, variable_declaration
49, Version, B-VAL, variable_declaration
49, Control, I-VAL, variable_declaration
49, System, I-VAL, variable_declaration
50, set, O, variable_declaration
50, a, O, variable_declaration
50, new, O, variable_declaration
50, variable, O, variable_declaration
50, with, O, variable_declaration
50, the, O, variable_declaration
50, name, O, variable_declaration
50, transaction, B-VAR, variable_declaration
50, amount, I-VAR, variable_declaration
50, and, O, variable_declaration
50, assign, O, variable_declaration
50, it, O, variable_declaration
50, to, O, variable_declaration
50, -0.27182, B-VAL, variable_declaration
51, initialize, O, variable_declaration
51, a, O, variable_declaration
51, new, O, variable_declaration
51, variable, O, variable_declaration
51, called, O, variable_declaration
51, as, O, variable_declaration
51, feature, B-VAR, variable_declaration
51, flags, I-VAR, variable_declaration
51, and, O, variable_declaration
51, value, O, variable_declaration
51, 12345, B-VAL, variable_declaration
52, set, O, variable_declaration
52, a, O, variable_declaration
52, new, O, variable_declaration
52, variable, O, variable_declaration
52, named, O, variable_declaration
52, is, B-VAR, variable_declaration
52, logged, I-VAR, variable_declaration
52, in, O, variable_declaration
52, and, O, variable_declaration
52, initialize, O, variable_declaration
52, it, O, variable_declaration
52, with, O, variable_declaration
52, deep, B-VAL, variable_declaration
52, learning, I-VAL, variable_declaration
52, models, I-VAL, variable_declaration
53, define, O, variable_declaration
53, a, O, variable_declaration
53, new, O, variable_declaration
53, variable, O, variable_declaration
53, under, O, variable_declaration
53, the, O, variable_declaration
53, name, O, variable_declaration
53, user, B-VAR, variable_declaration
53, preferences, I-VAR, variable_declaration
53, and, O, variable_declaration
53, set, O, variable_declaration
53, it, O, variable_declaration
53, to, O, variable_declaration
53, -456, B-VAL, variable_declaration
54, under, O, variable_declaration
54, the, O, variable_declaration
54, name, O, variable_declaration
54, file, B-VAR, variable_declaration
54, path, I-VAR, variable_declaration
54, initialize, O, variable_declaration
54, a, O, variable_declaration
54, new, O, variable_declaration
54, bool, B-TYPE, variable_declaration
54, variable, O, variable_declaration
54, and, O, variable_declaration
54, set, O, variable_declaration
54, it, O, variable_declaration
54, to, O, variable_declaration
54, false, B-VAL, variable_declaration
55, under, O, variable_declaration
55, the, O, variable_declaration
55, name, O, variable_declaration
55, is, B-VAR, variable_declaration
55, logged, I-VAR, variable_declaration
55, in, O, variable_declaration
55, initialize, O, variable_declaration
55, a, O, variable_declaration
55, new, O, variable_declaration
55, array, B-TYPE, variable_declaration
55, variable, O, variable_declaration
55, and, O, variable_declaration
55, set, O, variable_declaration
55, it, O, variable_declaration
55, to, O, variable_declaration
55, 10.5, B-VAL, variable_declaration
55, 20.5, B-VAL, variable_declaration
55, 30.5, B-VAL, variable_declaration
55, 40.5, B-VAL, variable_declaration
55, 50.5, B-VAL, variable_declaration
56, under, O, variable_declaration
56, the, O, variable_declaration
56, name, O, variable_declaration
56, user, B-VAR, variable_declaration
56, settings, I-VAR, variable_declaration
56, initialize, O, variable_declaration
56, a, O, variable_declaration
56, new, O, variable_declaration
56, bool, B-TYPE, variable_declaration
56, variable, O, variable_declaration
56, and, O, variable_declaration
56, set, O, variable_declaration
56, it, O, variable_declaration
56, to, O, variable_declaration
56, true, B-VAL, variable_declaration
57, under, O, variable_declaration
57, the, O, variable_declaration
57, name, O, variable_declaration
57, product, B-VAR, variable_declaration
57, price, I-VAR, variable_declaration
57, initialize, O, variable_declaration
57, a, O, variable_declaration
57, new, O, variable_declaration
57, bool, B-TYPE, variable_declaration
57, variable, O, variable_declaration
57, and, O, variable_declaration
57, set, O, variable_declaration
57, it, O, variable_declaration
57, to, O, variable_declaration
57, false, B-VAL, variable_declaration
58, under, O, variable_declaration
58, the, O, variable_declaration
58, name, O, variable_declaration
58, net, B-VAR, variable_declaration
58, profit, I-VAR, variable_declaration
58, set, O, variable_declaration
58, a, O, variable_declaration
58, new, O, variable_declaration
58, bool, B-TYPE, variable_declaration
58, variable, O, variable_declaration
58, and, O, variable_declaration
58, set, O, variable_declaration
58, it, O, variable_declaration
58, to, O, variable_declaration
58, true, B-VAL, variable_declaration
59, under, O, variable_declaration
59, the, O, variable_declaration
59, name, O, variable_declaration
59, colleague, B-VAR, variable_declaration
59, email, I-VAR, variable_declaration
59, make, O, variable_declaration
59, a, O, variable_declaration
59, new, O, variable_declaration
59, int, B-TYPE, variable_declaration
59, variable, O, variable_declaration
59, and, O, variable_declaration
59, set, O, variable_declaration
59, it, O, variable_declaration
59, to, O, variable_declaration
59, 111111, B-VAL, variable_declaration
60, under, O, variable_declaration
60, the, O, variable_declaration
60, name, O, variable_declaration
60, position, B-VAR, variable_declaration
60, make, O, variable_declaration
60, a, O, variable_declaration
60, new, O, variable_declaration
60, float, B-TYPE, variable_declaration
60, variable, O, variable_declaration
60, and, O, variable_declaration
60, set, O, variable_declaration
60, it, O, variable_declaration
60, to, O, variable_declaration
60, -0.666667, B-VAL, variable_declaration
61, under, O, variable_declaration
61, the, O, variable_declaration
61, name, O, variable_declaration
61, colleague, B-VAR, variable_declaration
61, email, I-VAR, variable_declaration
61, initialize, O, variable_declaration
61, a, O, variable_declaration
61, new, O, variable_declaration
61, array, B-TYPE, variable_declaration
61, variable, O, variable_declaration
61, and, O, variable_declaration
61, set, O, variable_declaration
61, it, O, variable_declaration
61, to, O, variable_declaration
61, -5.5, B-VAL, variable_declaration
61, 5.5, B-VAL, variable_declaration
61, -10.1, B-VAL, variable_declaration
61, 10.1, B-VAL, variable_declaration
61, and, O, variable_declaration
61, 0.0, B-VAL, variable_declaration
62, under, O, variable_declaration
62, the, O, variable_declaration
62, name, O, variable_declaration
62, temp, B-VAR, variable_declaration
62, make, O, variable_declaration
62, a, O, variable_declaration
62, new, O, variable_declaration
62, list, B-TYPE, variable_declaration
62, variable, O, variable_declaration
62, and, O, variable_declaration
62, set, O, variable_declaration
62, it, O, variable_declaration
62, to, O, variable_declaration
62, dog, B-VAL, variable_declaration
62, cat, B-VAL, variable_declaration
62, bird, B-VAL, variable_declaration
62, fish, B-VAL, variable_declaration
62, hamster, B-VAL, variable_declaration
63, with, O, variable_declaration
63, the, O, variable_declaration
63, name, O, variable_declaration
63, is, B-VAR, variable_declaration
63, enabled, I-VAR, variable_declaration
63, initialize, O, variable_declaration
63, a, O, variable_declaration
63, new, O, variable_declaration
63, float, B-TYPE, variable_declaration
63, variable, O, variable_declaration
63, and, O, variable_declaration
63, assign, O, variable_declaration
63, 1.1, B-VAL, variable_declaration
63, to, O, variable_declaration
63, it, O, variable_declaration
64, with, O, variable_declaration
64, the, O, variable_declaration
64, name, O, variable_declaration
64, completed, B-VAR, variable_declaration
64, define, O, variable_declaration
64, a, O, variable_declaration
64, new, O, variable_declaration
64, integer, B-TYPE, variable_declaration
64, variable, O, variable_declaration
64, and, O, variable_declaration
64, assign, O, variable_declaration
64, -555555, B-VAL, variable_declaration
64, to, O, variable_declaration
64, it, O, variable_declaration
65, with, O, variable_declaration
65, the, O, variable_declaration
65, name, O, variable_declaration
65, gross, B-VAR, variable_declaration
65, income, I-VAR, variable_declaration
65, initialize, O, variable_declaration
65, a, O, variable_declaration
65, new, O, variable_declaration
65, char, B-TYPE, variable_declaration
65, variable, O, variable_declaration
65, and, O, variable_declaration
65, assign, O, variable_declaration
65, j, B-VAL, variable_declaration
65, to, O, variable_declaration
65, it, O, variable_declaration
66, with, O, variable_declaration
66, the, O, variable_declaration
66, name, O, variable_declaration
66, max, B-VAR, variable_declaration
66, value, I-VAR, variable_declaration
66, create, O, variable_declaration
66, a, O, variable_declaration
66, new, O, variable_declaration
66, double, B-TYPE, variable_declaration
66, variable, O, variable_declaration
66, and, O, variable_declaration
66, assign, O, variable_declaration
66, -0.707, B-VAL, variable_declaration
66, to, O, variable_declaration
66, it, O, variable_declaration
67, with, O, variable_declaration
67, the, O, variable_declaration
67, name, O, variable_declaration
67, is, B-VAR, variable_declaration
67, active, I-VAR, variable_declaration
67, initialize, O, variable_declaration
67, a, O, variable_declaration
67, new, O, variable_declaration
67, array, B-TYPE, variable_declaration
67, variable, O, variable_declaration
67, and, O, variable_declaration
67, assign, O, variable_declaration
67, hello, B-VAL, variable_declaration
67, 42, B-VAL, variable_declaration
67, 3.1415, B-VAL, variable_declaration
67, False, B-VAL, variable_declaration
67, -7, B-VAL, variable_declaration
67, to, O, variable_declaration
67, it, O, variable_declaration
68, under, O, variable_declaration
68, the, O, variable_declaration
68, name, O, variable_declaration
68, user, B-VAR, variable_declaration
68, location, I-VAR, variable_declaration
68, create, O, variable_declaration
68, a, O, variable_declaration
68, new, O, variable_declaration
68, variable, O, variable_declaration
68, and, O, variable_declaration
68, initialize, O, variable_declaration
68, with, O, variable_declaration
68, 27182, B-VAL, variable_declaration
69, under, O, variable_declaration
69, the, O, variable_declaration
69, name, O, variable_declaration
69, key, B-VAR, variable_declaration
69, make, O, variable_declaration
69, a, O, variable_declaration
69, new, O, variable_declaration
69, variable, O, variable_declaration
69, and, O, variable_declaration
69, set, O, variable_declaration
69, data, B-VAL, variable_declaration
69, analysis, I-VAL, variable_declaration
70, under, O, variable_declaration
70, the, O, variable_declaration
70, name, I-VAR, variable_declaration
70, supplier, B-VAR, variable_declaration
70, name, O, variable_declaration
70, set, O, variable_declaration
70, a, O, variable_declaration
70, new, O, variable_declaration
70, variable, O, variable_declaration
70, and, O, variable_declaration
70, assign, O, variable_declaration
70, it, O, variable_declaration
70, to, O, variable_declaration
70, -0.4567, B-VAL, variable_declaration
71, under, O, variable_declaration
71, the, O, variable_declaration
71, name, O, variable_declaration
71, is, B-VAR, variable_declaration
71, verified, I-VAR, variable_declaration
71, declare, O, variable_declaration
71, a, O, variable_declaration
71, new, O, variable_declaration
71, variable, O, variable_declaration
71, and, O, variable_declaration
71, value, O, variable_declaration
71, Neural, B-VAL, variable_declaration
71, Networks, I-VAL, variable_declaration
72, under, O, variable_declaration
72, the, O, variable_declaration
72, name, I-VAR, variable_declaration
72, region, B-VAR, variable_declaration
72, name, O, variable_declaration
72, set, O, variable_declaration
72, a, O, variable_declaration
72, new, O, variable_declaration
72, variable, O, variable_declaration
72, and, O, variable_declaration
72, assign, O, variable_declaration
72, with, O, variable_declaration
72, REGRESSION, B-VAL, variable_declaration
72, MODELS, I-VAL, variable_declaration
73, under, O, variable_declaration
73, the, O, variable_declaration
73, name, O, variable_declaration
73, user, B-VAR, variable_declaration
73, email, I-VAR, variable_declaration
73, define, O, variable_declaration
73, a, O, variable_declaration
73, new, O, variable_declaration
73, variable, O, variable_declaration
73, and, O, variable_declaration
73, assign, O, variable_declaration
73, with, O, variable_declaration
73, 5.6789, B-VAL, variable_declaration
74, with, O, variable_declaration
74, the, O, variable_declaration
74, name, B-VAR, variable_declaration
74, info, I-VAR, variable_declaration
74, set, O, variable_declaration
74, a, O, variable_declaration
74, new, O, variable_declaration
74, variable, O, variable_declaration
74, and, O, variable_declaration
74, value, O, variable_declaration
74, 101010, B-VAL, variable_declaration
75, with, O, variable_declaration
75, the, O, variable_declaration
75, name, O, variable_declaration
75, customer, B-VAR, variable_declaration
75, map, I-VAR, variable_declaration
75, initialize, O, variable_declaration
75, a, O, variable_declaration
75, new, O, variable_declaration
75, variable, O, variable_declaration
75, and, O, variable_declaration
75, value, O, variable_declaration
75, cascading, B-VAL, variable_declaration
75, style, I-VAL, variable_declaration
75, sheets, I-VAL, variable_declaration
76, with, O, variable_declaration
76, the, O, variable_declaration
76, name, I-VAR, variable_declaration
76, product, B-VAR, variable_declaration
76, name, O, variable_declaration
76, make, O, variable_declaration
76, a, O, variable_declaration
76, new, O, variable_declaration
76, variable, O, variable_declaration
76, and, O, variable_declaration
76, value, O, variable_declaration
76, key1, O, variable_declaration
76, 1, O, variable_declaration
76, key2, O, variable_declaration
76, 2, O, variable_declaration
76, key3, O, variable_declaration
76, 3, O, variable_declaration
77, with, O, variable_declaration
77, the, O, variable_declaration
77, name, O, variable_declaration
77, user, B-VAR, variable_declaration
77, list, I-VAR, variable_declaration
77, initialize, O, variable_declaration
77, a, O, variable_declaration
77, new, O, variable_declaration
77, variable, O, variable_declaration
77, and, O, variable_declaration
77, value, O, variable_declaration
77, -202020, B-VAL, variable_declaration
78, with, O, variable_declaration
78, the, O, variable_declaration
78, name, O, variable_declaration
78, feature, B-VAR, variable_declaration
78, flags, I-VAR, variable_declaration
78, declare, O, variable_declaration
78, a, O, variable_declaration
78, new, O, variable_declaration
78, variable, O, variable_declaration
78, and, O, variable_declaration
78, value, O, variable_declaration
78, apple, B-VAL, variable_declaration
78, banana, B-VAL, variable_declaration
78, cherry, B-VAL, variable_declaration
79, with, O, variable_declaration
79, the, O, variable_declaration
79, name, I-VAR, variable_declaration
79, street, B-VAR, variable_declaration
79, name, O, variable_declaration
79, make, O, variable_declaration
79, a, O, variable_declaration
79, new, O, variable_declaration
79, variable, O, variable_declaration
79, and, O, variable_declaration
79, value, O, variable_declaration
79, -2.71828, B-VAL, variable_declaration
80, with, O, variable_declaration
80, the, O, variable_declaration
80, name, O, variable_declaration
80, country, B-VAR, variable_declaration
80, code, I-VAR, variable_declaration
80, make, O, variable_declaration
80, a, O, variable_declaration
80, new, O, variable_declaration
80, variable, O, variable_declaration
80, and, O, variable_declaration
80, value, O, variable_declaration
80, Continuous, B-VAL, variable_declaration
80, Integration, I-VAL, variable_declaration
81, with, O, variable_declaration
81, the, O, variable_declaration
81, name, O, variable_declaration
81, net, B-VAR, variable_declaration
81, profit, I-VAR, variable_declaration
81, make, O, variable_declaration
81, a, O, variable_declaration
81, new, O, variable_declaration
81, variable, O, variable_declaration
81, and, O, variable_declaration
81, value, O, variable_declaration
81, User, B-VAL, variable_declaration
81, Interface, I-VAL, variable_declaration
82, with, O, variable_declaration
82, the, O, variable_declaration
82, name, O, variable_declaration
82, data, B-VAR, variable_declaration
82, create, O, variable_declaration
82, a, O, variable_declaration
82, new, O, variable_declaration
82, variable, O, variable_declaration
82, and, O, variable_declaration
82, value, O, variable_declaration
82, 1, B-VAL, variable_declaration
82, 2, B-VAL, variable_declaration
82, 3, B-VAL, variable_declaration
82, 4, B-VAL, variable_declaration
82, 5, B-VAL, variable_declaration
83, with, O, variable_declaration
83, the, O, variable_declaration
83, name, O, variable_declaration
83, product, B-VAR, variable_declaration
83, price, I-VAR, variable_declaration
83, define, O, variable_declaration
83, a, O, variable_declaration
83, new, O, variable_declaration
83, variable, O, variable_declaration
83, and, O, variable_declaration
83, value, O, variable_declaration
83, -999999, B-VAL, variable_declaration
84, under, O, variable_declaration
84, the, O, variable_declaration
84, name, O, variable_declaration
84, customer, B-VAR, variable_declaration
84, map, I-VAR, variable_declaration
84, define, O, variable_declaration
84, a, O, variable_declaration
84, new, O, variable_declaration
84, variable, O, variable_declaration
84, and, O, variable_declaration
84, value, O, variable_declaration
84, -8.8888, B-VAL, variable_declaration
85, under, O, variable_declaration
85, the, O, variable_declaration
85, name, I-VAR, variable_declaration
85, city, B-VAR, variable_declaration
85, name, O, variable_declaration
85, initialize, O, variable_declaration
85, a, O, variable_declaration
85, new, O, variable_declaration
85, variable, O, variable_declaration
85, and, O, variable_declaration
85, value, O, variable_declaration
85, network, B-VAL, variable_declaration
85, security, I-VAL, variable_declaration
86, under, O, variable_declaration
86, the, O, variable_declaration
86, name, O, variable_declaration
86, value, B-VAR, variable_declaration
86, define, O, variable_declaration
86, a, O, variable_declaration
86, new, O, variable_declaration
86, variable, O, variable_declaration
86, and, O, variable_declaration
86, value, O, variable_declaration
86, software, B-VAL, variable_declaration
86, development, I-VAL, variable_declaration
87, under, O, variable_declaration
87, the, O, variable_declaration
87, name, O, variable_declaration
87, last, B-VAR, variable_declaration
87, updated, I-VAR, variable_declaration
87, make, O, variable_declaration
87, a, O, variable_declaration
87, new, O, variable_declaration
87, variable, O, variable_declaration
87, and, O, variable_declaration
87, value, O, variable_declaration
87, full, B-VAL, variable_declaration
87, stack, I-VAL, variable_declaration
87, developer, I-VAL, variable_declaration
88, under, O, variable_declaration
88, the, O, variable_declaration
88, name, O, variable_declaration
88, position, B-VAR, variable_declaration
88, initialize, O, variable_declaration
88, a, O, variable_declaration
88, new, O, variable_declaration
88, variable, O, variable_declaration
88, and, O, variable_declaration
88, value, O, variable_declaration
88, 0.707, B-VAL, variable_declaration
89, under, O, variable_declaration
89, the, O, variable_declaration
89, name, I-VAR, variable_declaration
89, supplier, B-VAR, variable_declaration
89, name, O, variable_declaration
89, declare, O, variable_declaration
89, a, O, variable_declaration
89, new, O, variable_declaration
89, variable, O, variable_declaration
89, and, O, variable_declaration
89, value, O, variable_declaration
89, JAVASCRIPT, B-VAL, variable_declaration
89, FRAMEWORK, I-VAL, variable_declaration
90, under, O, variable_declaration
90, the, O, variable_declaration
90, name, I-VAR, variable_declaration
90, supplier, B-VAR, variable_declaration
90, name, O, variable_declaration
90, create, O, variable_declaration
90, a, O, variable_declaration
90, new, O, variable_declaration
90, variable, O, variable_declaration
90, and, O, variable_declaration
90, value, O, variable_declaration
90, software, B-VAL, variable_declaration
90, engineering, I-VAL, variable_declaration
91, under, O, variable_declaration
91, the, O, variable_declaration
91, name, O, variable_declaration
91, delivery, B-VAR, variable_declaration
91, address, I-VAR, variable_declaration
91, define, O, variable_declaration
91, a, O, variable_declaration
91, new, O, variable_declaration
91, variable, O, variable_declaration
91, and, O, variable_declaration
91, value, O, variable_declaration
91, car, B-VAL, variable_declaration
91, bus, B-VAL, variable_declaration
91, train, B-VAL, variable_declaration
91, plane, B-VAL, variable_declaration
91, bicycle, B-VAL, variable_declaration
92, under, O, variable_declaration
92, the, O, variable_declaration
92, name, O, variable_declaration
92, map, B-VAR, variable_declaration
92, location, I-VAR, variable_declaration
92, set, O, variable_declaration
92, a, O, variable_declaration
92, new, O, variable_declaration
92, variable, O, variable_declaration
92, and, O, variable_declaration
92, value, O, variable_declaration
92, SEMI-SUPERVISED, B-VAL, variable_declaration
92, LEARNING, I-VAL, variable_declaration
93, make, O, variable_declaration
93, a, O, variable_declaration
93, variable, O, variable_declaration
93, called, O, variable_declaration
93, building, B-VAR, variable_declaration
93, number, I-VAR, variable_declaration
93, and, O, variable_declaration
93, set, O, variable_declaration
93, it, O, variable_declaration
93, to, O, variable_declaration
93, Software, B-VAL, variable_declaration
93, Development, I-VAL, variable_declaration
94, set, O, variable_declaration
94, a, O, variable_declaration
94, variable, O, variable_declaration
94, with, O, variable_declaration
94, the, O, variable_declaration
94, name, O, variable_declaration
94, colleague, B-VAR, variable_declaration
94, email, I-VAR, variable_declaration
94, and, O, variable_declaration
94, set, O, variable_declaration
94, it, O, variable_declaration
94, to, O, variable_declaration
94, Full, B-VAL, variable_declaration
94, Stack, I-VAL, variable_declaration
94, Developer, I-VAL, variable_declaration
95, initialize, O, variable_declaration
95, a, O, variable_declaration
95, variable, O, variable_declaration
95, labelled, O, variable_declaration
95, as, O, variable_declaration
95, app, B-VAR, variable_declaration
95, config, I-VAR, variable_declaration
95, and, O, variable_declaration
95, set, O, variable_declaration
95, it, O, variable_declaration
95, to, O, variable_declaration
95, DATA, B-VAL, variable_declaration
95, MINING, I-VAL, variable_declaration
96, make, O, variable_declaration
96, a, O, variable_declaration
96, variable, O, variable_declaration
96, titled, O, variable_declaration
96, user, B-VAR, variable_declaration
96, type, I-VAR, variable_declaration
96, and, O, variable_declaration
96, set, O, variable_declaration
96, it, O, variable_declaration
96, to, O, variable_declaration
96, -555555, B-VAL, variable_declaration
97, initialize, O, variable_declaration
97, a, O, variable_declaration
97, variable, O, variable_declaration
97, called, O, variable_declaration
97, count, B-VAR, variable_declaration
97, and, O, variable_declaration
97, set, O, variable_declaration
97, it, O, variable_declaration
97, to, O, variable_declaration
97, 444444, B-VAL, variable_declaration
98, declare, O, variable_declaration
98, a, O, variable_declaration
98, variable, O, variable_declaration
98, under, O, variable_declaration
98, the, O, variable_declaration
98, name, I-VAR, variable_declaration
98, street, B-VAR, variable_declaration
98, name, O, variable_declaration
98, and, O, variable_declaration
98, set, O, variable_declaration
98, it, O, variable_declaration
98, to, O, variable_declaration
98, 505050, B-VAL, variable_declaration
99, initialize, O, variable_declaration
99, a, O, variable_declaration
99, variable, O, variable_declaration
99, called, O, variable_declaration
99, as, O, variable_declaration
99, street, B-VAR, variable_declaration
99, name, I-VAR, variable_declaration
99, and, O, variable_declaration
99, set, O, variable_declaration
99, it, O, variable_declaration
99, to, O, variable_declaration
99, -54321, B-VAL, variable_declaration
100, make, O, variable_declaration
100, a, O, variable_declaration
100, variable, O, variable_declaration
100, under, O, variable_declaration
100, the, O, variable_declaration
100, name, O, variable_declaration
100, current, B-VAR, variable_declaration
100, date, I-VAR, variable_declaration
100, and, O, variable_declaration
100, assign, O, variable_declaration
100, Code, B-VAL, variable_declaration
100, Review, I-VAL, variable_declaration
100, to, O, variable_declaration
100, it, O, variable_declaration
101, make, O, variable_declaration
101, a, O, variable_declaration
101, variable, O, variable_declaration
101, called, O, variable_declaration
101, as, O, variable_declaration
101, account, B-VAR, variable_declaration
101, balance, I-VAR, variable_declaration
101, and, O, variable_declaration
101, assign, O, variable_declaration
101, apple, B-VAL, variable_declaration
101, banana, B-VAL, variable_declaration
101, and, O, variable_declaration
101, cherry, B-VAL, variable_declaration
101, to, O, variable_declaration
101, it, O, variable_declaration
102, initialize, O, variable_declaration
102, a, O, variable_declaration
102, variable, O, variable_declaration
102, identified, O, variable_declaration
102, as, O, variable_declaration
102, secondary, B-VAR, variable_declaration
102, contact, I-VAR, variable_declaration
102, and, O, variable_declaration
102, assign, O, variable_declaration
102, -1e-07, B-VAL, variable_declaration
102, to, O, variable_declaration
102, it, O, variable_declaration
103, make, O, variable_declaration
103, a, O, variable_declaration
103, variable, O, variable_declaration
103, called, O, variable_declaration
103, as, O, variable_declaration
103, account, B-VAR, variable_declaration
103, balance, I-VAR, variable_declaration
103, and, O, variable_declaration
103, assign, O, variable_declaration
103, SEMI-SUPERVISED, B-VAL, variable_declaration
103, LEARNING, I-VAL, variable_declaration
103, to, O, variable_declaration
103, it, O, variable_declaration
104, initialize, O, variable_declaration
104, a, O, variable_declaration
104, variable, O, variable_declaration
104, identified, O, variable_declaration
104, as, O, variable_declaration
104, iteration, B-VAR, variable_declaration
104, and, O, variable_declaration
104, assign, O, variable_declaration
104, project, B-VAL, variable_declaration
104, management, I-VAL, variable_declaration
104, to, O, variable_declaration
104, it, O, variable_declaration
105, define, O, variable_declaration
105, a, O, variable_declaration
105, variable, O, variable_declaration
105, titled, O, variable_declaration
105, as, O, variable_declaration
105, total, B-VAR, variable_declaration
105, amount, I-VAR, variable_declaration
105, and, O, variable_declaration
105, assign, O, variable_declaration
105, 45, B-VAL, variable_declaration
105, to, O, variable_declaration
105, it, O, variable_declaration
106, create, O, variable_declaration
106, variable, O, variable_declaration
106, named, O, variable_declaration
106, as, O, variable_declaration
106, user, B-VAR, variable_declaration
106, name, I-VAR, variable_declaration
106, and, O, variable_declaration
106, initialize, O, variable_declaration
106, it, O, variable_declaration
106, to, O, variable_declaration
106, 232323, B-VAL, variable_declaration
107, set, O, variable_declaration
107, variable, O, variable_declaration
107, under, O, variable_declaration
107, the, O, variable_declaration
107, name, O, variable_declaration
107, count, B-VAR, variable_declaration
107, and, O, variable_declaration
107, assign, O, variable_declaration
107, with, O, variable_declaration
107, Artificial, B-VAL, variable_declaration
107, Intelligence, I-VAL, variable_declaration
108, create, O, variable_declaration
108, variable, O, variable_declaration
108, named, O, variable_declaration
108, file, B-VAR, variable_declaration
108, path, I-VAR, variable_declaration
108, and, O, variable_declaration
108, assign, O, variable_declaration
108, with, O, variable_declaration
108, 232323, B-VAL, variable_declaration
109, initialize, O, variable_declaration
109, variable, O, variable_declaration
109, called, O, variable_declaration
109, account, B-VAR, variable_declaration
109, balance, I-VAR, variable_declaration
109, and, O, variable_declaration
109, initialize, O, variable_declaration
109, it, O, variable_declaration
109, to, O, variable_declaration
109, code, B-VAL, variable_declaration
109, review, I-VAL, variable_declaration
110, make, O, variable_declaration
110, variable, O, variable_declaration
110, with, O, variable_declaration
110, name, O, variable_declaration
110, loop, B-VAR, variable_declaration
110, index, I-VAR, variable_declaration
110, and, O, variable_declaration
110, set, O, variable_declaration
110, Machine, B-VAL, variable_declaration
110, Learning, I-VAL, variable_declaration
111, declare, O, variable_declaration
111, variable, O, variable_declaration
111, titled, O, variable_declaration
111, net, B-VAR, variable_declaration
111, profit, I-VAR, variable_declaration
111, and, O, variable_declaration
111, value, O, variable_declaration
111, 252525, B-VAL, variable_declaration
112, create, O, variable_declaration
112, variable, O, variable_declaration
112, called, O, variable_declaration
112, as, O, variable_declaration
112, user, B-VAR, variable_declaration
112, email, I-VAR, variable_declaration
112, and, O, variable_declaration
112, value, O, variable_declaration
112, data, B-VAL, variable_declaration
112, visualization, I-VAL, variable_declaration
113, initialize, O, variable_declaration
113, variable, O, variable_declaration
113, called, O, variable_declaration
113, as, O, variable_declaration
113, emergency, B-VAR, variable_declaration
113, contact, I-VAR, variable_declaration
113, and, O, variable_declaration
113, value, O, variable_declaration
113, software, B-VAL, variable_declaration
113, engineering, I-VAL, variable_declaration
114, set, O, variable_declaration
114, variable, O, variable_declaration
114, labelled, O, variable_declaration
114, employee, B-VAR, variable_declaration
114, record, I-VAR, variable_declaration
114, and, O, variable_declaration
114, value, O, variable_declaration
114, 2.99792458, B-VAL, variable_declaration
115, declare, O, variable_declaration
115, variable, O, variable_declaration
115, under, O, variable_declaration
115, the, O, variable_declaration
115, name, O, variable_declaration
115, account, B-VAR, variable_declaration
115, balance, I-VAR, variable_declaration
115, and, O, variable_declaration
115, value, O, variable_declaration
115, functional, B-VAL, variable_declaration
115, programming, I-VAL, variable_declaration
116, define, O, variable_declaration
116, variable, O, variable_declaration
116, identified, O, variable_declaration
116, as, O, variable_declaration
116, alternate, B-VAR, variable_declaration
116, address, I-VAR, variable_declaration
116, and, O, variable_declaration
116, value, O, variable_declaration
116, false, B-VAL, variable_declaration
117, set, O, variable_declaration
117, variable, O, variable_declaration
117, identified, O, variable_declaration
117, as, O, variable_declaration
117, settings, B-VAR, variable_declaration
117, and, O, variable_declaration
117, value, O, variable_declaration
117, 0.333333, B-VAL, variable_declaration
118, initialize, O, variable_declaration
118, variable, O, variable_declaration
118, called, O, variable_declaration
118, as, O, variable_declaration
118, office, B-VAR, variable_declaration
118, location, I-VAR, variable_declaration
118, and, O, variable_declaration
118, value, O, variable_declaration
118, -262626, B-VAL, variable_declaration
119, make, O, variable_declaration
119, variable, O, variable_declaration
119, named, O, variable_declaration
119, as, O, variable_declaration
119, category, B-VAR, variable_declaration
119, type, I-VAR, variable_declaration
119, and, O, variable_declaration
119, value, O, variable_declaration
119, object, B-VAL, variable_declaration
119, oriented, I-VAL, variable_declaration
119, programming, I-VAL, variable_declaration
120, define, O, variable_declaration
120, variable, O, variable_declaration
120, under, O, variable_declaration
120, the, O, variable_declaration
120, name, O, variable_declaration
120, net, B-VAR, variable_declaration
120, profit, I-VAR, variable_declaration
120, and, O, variable_declaration
120, value, O, variable_declaration
120, this, B-VAL, variable_declaration
120, is, I-VAL, variable_declaration
120, a, I-VAL, variable_declaration
120, test, I-VAL, variable_declaration
121, define, O, variable_declaration
121, an, O, variable_declaration
121, empty, B-VAL, variable_declaration
121, array, B-TYPE, variable_declaration
121, labelled, O, variable_declaration
121, as, O, variable_declaration
121, total, B-VAR, variable_declaration
121, revenue, I-VAR, variable_declaration
122, initialize, O, variable_declaration
122, an, O, variable_declaration
122, empty, B-VAL, variable_declaration
122, array, B-TYPE, variable_declaration
122, called, O, variable_declaration
122, as, O, variable_declaration
122, total, B-VAR, variable_declaration
122, amount, I-VAR, variable_declaration
123, initialize, O, variable_declaration
123, an, O, variable_declaration
123, empty, B-VAL, variable_declaration
123, array, B-TYPE, variable_declaration
123, with, O, variable_declaration
123, name, I-VAR, variable_declaration
123, user, B-VAR, variable_declaration
123, name, O, variable_declaration
124, initialize, O, variable_declaration
124, an, O, variable_declaration
124, empty, B-VAL, variable_declaration
124, array, B-TYPE, variable_declaration
124, labelled, O, variable_declaration
124, as, O, variable_declaration
124, data, B-VAR, variable_declaration
125, create, O, variable_declaration
125, an, O, variable_declaration
125, empty, B-VAL, variable_declaration
125, array, B-TYPE, variable_declaration
125, called, O, variable_declaration
125, as, O, variable_declaration
125, k, B-VAR, variable_declaration
126, make, O, variable_declaration
126, an, O, variable_declaration
126, empty, B-VAL, variable_declaration
126, array, B-TYPE, variable_declaration
126, labelled, O, variable_declaration
126, as, O, variable_declaration
126, system, B-VAR, variable_declaration
126, properties, I-VAR, variable_declaration
127, create, O, variable_declaration
127, an, O, variable_declaration
127, empty, B-VAL, variable_declaration
127, array, B-TYPE, variable_declaration
127, called, O, variable_declaration
127, preferences, B-VAR, variable_declaration
128, initialize, O, variable_declaration
128, an, O, variable_declaration
128, empty, B-VAL, variable_declaration
128, array, B-TYPE, variable_declaration
128, named, O, variable_declaration
128, as, O, variable_declaration
128, completed, B-VAR, variable_declaration
129, declare, O, variable_declaration
129, an, O, variable_declaration
129, empty, B-VAL, variable_declaration
129, array, B-TYPE, variable_declaration
129, identified, O, variable_declaration
129, product, B-VAR, variable_declaration
129, set, I-VAR, variable_declaration
130, declare, O, variable_declaration
130, an, O, variable_declaration
130, empty, B-VAL, variable_declaration
130, list, B-TYPE, variable_declaration
130, labelled, O, variable_declaration
130, order, B-VAR, variable_declaration
130, number, I-VAR, variable_declaration
131, make, O, variable_declaration
131, an, O, variable_declaration
131, empty, B-VAL, variable_declaration
131, list, B-TYPE, variable_declaration
131, named, O, variable_declaration
131, country, B-VAR, variable_declaration
131, code, I-VAR, variable_declaration
132, create, O, variable_declaration
132, an, O, variable_declaration
132, empty, B-VAL, variable_declaration
132, list, B-TYPE, variable_declaration
132, titled, O, variable_declaration
132, user, B-VAR, variable_declaration
132, name, I-VAR, variable_declaration
133, initialize, O, variable_declaration
133, an, O, variable_declaration
133, empty, B-VAL, variable_declaration
133, list, B-TYPE, variable_declaration
133, identified, O, variable_declaration
133, as, O, variable_declaration
133, index, B-VAR, variable_declaration
134, make, O, variable_declaration
134, an, O, variable_declaration
134, empty, B-VAL, variable_declaration
134, list, B-TYPE, variable_declaration
134, with, O, variable_declaration
134, the, O, variable_declaration
134, name, O, variable_declaration
134, start, B-VAR, variable_declaration
134, date, I-VAR, variable_declaration
135, create, O, variable_declaration
135, an, O, variable_declaration
135, empty, B-VAL, variable_declaration
135, list, B-TYPE, variable_declaration
135, with, O, variable_declaration
135, name, O, variable_declaration
135, net, B-VAR, variable_declaration
135, profit, I-VAR, variable_declaration
136, define, O, variable_declaration
136, an, O, variable_declaration
136, empty, B-VAL, variable_declaration
136, list, B-TYPE, variable_declaration
136, identified, O, variable_declaration
136, as, O, variable_declaration
136, temp, B-VAR, variable_declaration
137, define, O, variable_declaration
137, an, O, variable_declaration
137, empty, B-VAL, variable_declaration
137, dictionary, B-TYPE, variable_declaration
137, titled, O, variable_declaration
137, config, B-VAR, variable_declaration
137, path, I-VAR, variable_declaration
138, make, O, variable_declaration
138, an, O, variable_declaration
138, empty, B-VAL, variable_declaration
138, dictionary, B-TYPE, variable_declaration
138, with, O, variable_declaration
138, the, O, variable_declaration
138, name, O, variable_declaration
138, string, B-VAR, variable_declaration
138, buffer, I-VAR, variable_declaration
139, make, O, variable_declaration
139, an, O, variable_declaration
139, empty, B-VAL, variable_declaration
139, dictionary, B-TYPE, variable_declaration
139, titled, O, variable_declaration
139, as, O, variable_declaration
139, is, B-VAR, variable_declaration
139, deleted, I-VAR, variable_declaration
140, set, O, variable_declaration
140, an, O, variable_declaration
140, empty, B-VAL, variable_declaration
140, dictionary, B-TYPE, variable_declaration
140, labelled, O, variable_declaration
140, reorder, B-VAR, variable_declaration
140, point, I-VAR, variable_declaration
141, define, O, variable_declaration
141, an, O, variable_declaration
141, empty, B-VAL, variable_declaration
141, dictionary, B-TYPE, variable_declaration
141, labelled, O, variable_declaration
141, as, O, variable_declaration
141, sibling, B-VAR, variable_declaration
141, count, I-VAR, variable_declaration
142, set, O, variable_declaration
142, a, O, variable_declaration
142, new, O, variable_declaration
142, list, B-TYPE, variable_declaration
142, identified, O, variable_declaration
142, current, B-VAR, variable_declaration
142, date, I-VAR, variable_declaration
142, and, O, variable_declaration
142, set, O, variable_declaration
142, it, O, variable_declaration
142, to, O, variable_declaration
142, 1.1, B-VAL, variable_declaration
142, 2.2, B-VAL, variable_declaration
142, 3.3, B-VAL, variable_declaration
142, 4.4, B-VAL, variable_declaration
142, 5.5, B-VAL, variable_declaration
143, define, O, variable_declaration
143, a, O, variable_declaration
143, new, O, variable_declaration
143, double, B-TYPE, variable_declaration
143, called, O, variable_declaration
143, counter, B-VAR, variable_declaration
143, and, O, variable_declaration
143, set, O, variable_declaration
143, it, O, variable_declaration
143, to, O, variable_declaration
143, 7.1234, B-VAL, variable_declaration
144, create, O, variable_declaration
144, a, O, variable_declaration
144, new, O, variable_declaration
144, int, B-TYPE, variable_declaration
144, called, O, variable_declaration
144, guardian, B-VAR, variable_declaration
144, name, I-VAR, variable_declaration
144, and, O, variable_declaration
144, set, O, variable_declaration
144, it, O, variable_declaration
144, to, O, variable_declaration
144, 8675309, B-VAL, variable_declaration
145, declare, O, variable_declaration
145, a, O, variable_declaration
145, new, O, variable_declaration
145, character, B-TYPE, variable_declaration
145, identified, O, variable_declaration
145, is, B-VAR, variable_declaration
145, active, I-VAR, variable_declaration
145, and, O, variable_declaration
145, set, O, variable_declaration
145, it, O, variable_declaration
145, to, O, variable_declaration
145, , O, variable_declaration
146, create, O, variable_declaration
146, a, O, variable_declaration
146, new, O, variable_declaration
146, string, B-TYPE, variable_declaration
146, named, O, variable_declaration
146, iteration, B-VAR, variable_declaration
146, and, O, variable_declaration
146, set, O, variable_declaration
146, it, O, variable_declaration
146, to, O, variable_declaration
146, algorithm, B-VAL, variable_declaration
146, design, I-VAL, variable_declaration
147, create, O, variable_declaration
147, a, O, variable_declaration
147, new, O, variable_declaration
147, boolean, B-TYPE, variable_declaration
147, named, O, variable_declaration
147, as, O, variable_declaration
147, mentor, B-VAR, variable_declaration
147, id, I-VAR, variable_declaration
147, and, O, variable_declaration
147, set, O, variable_declaration
147, it, O, variable_declaration
147, to, O, variable_declaration
147, false, B-VAL, variable_declaration
